;mid
0;/m/012f08
1;/m/012n7d
2;/m/015p6
3;/m/01h82_
4;/m/01h8n0
5;/m/01jwx6
6;/m/020bb7
7;/m/025wky1
8;/m/028v0c
9;/m/02mfyn
10;/m/02mk9
11;/m/02rhddq
12;/m/02x984l
13;/m/030rvx
14;/m/034srq
15;/m/03j1ly
16;/m/03kmc9
17;/m/03l9g
18;/m/03m9d0z
19;/m/03qc9zr
20;/m/04_sv
21;/m/05kq4
22;/m/05tny_
23;/m/05x_td
24;/m/05zc1
25;/m/068hy
26;/m/06mb1
27;/m/06q74
28;/m/06wzb
29;/m/07k1x
30;/m/07p6fty
31;/m/07pggtn
32;/m/07phhsh
33;/m/07pp_mv
34;/m/07q6cd_
35;/m/07qfr4h
36;/m/07qnq_y
37;/m/07r04
38;/m/07r10fb
39;/m/07rrh0c
40;/m/07rv4dm
41;/m/07sx8x_
42;/m/0838f
43;/m/0912c9
44;/m/09ct_
45;/m/09x0r
46;/m/0_ksk
47;/m/0bt9lr
48;/m/0btp2
49;/m/0chx_
50;/m/0gvgw0
51;/m/0hdsk
52;/m/0hsrw
53;/m/0j6m2
54;/m/0k4j
55;/m/0l156k
56;/m/0l7xg
57;/t/dd00038
58;/t/dd00065
59;/t/dd00066
60;/t/dd00067
61;/t/dd00077
62;/t/dd00092
63;/t/dd00128
64;/t/dd00130
65;/t/dd00134